{
  "query": {
    "bool": {
      "should": [
        "--{{#searchElements}}--"
        "--{{#value}}--"
        {
          "bool": {
            "must": [
              "--{{#description}}--"
              {
                "bool": {
                  "should": [
                    {
                      "multi_match": {
                        "query": "{{description}}",
                        "fields": [
                          "description.search^10.0"
                        ],
                        "type": "best_fields",
                        "operator": "OR"
                      }
                    },
                    {
                      "multi_match": {
                        "query": "{{description}}",
                        "fields": [
                          "description.ngram^1.0E-8"
                        ],
                        "type": "best_fields",
                        "operator": "OR"
                      }
                    },
                    {
                      "multi_match": {
                        "query": "{{description}}",
                        "fields": [
                          "description.edge_ngram^1.0E-4"
                        ],
                        "type": "best_fields",
                        "operator": "OR"
                      }
                    }
                  ]
                }
              },
              "--{{/description}}--"
              "--{{#transactionClientReference}}--"
              {
                "bool": {
                  "should": [
                    {
                      "multi_match": {
                        "query": "{{transactionClientReference}}",
                        "fields": [
                          "transactionClientReference.search^10.0"
                        ],
                        "type": "best_fields",
                        "operator": "OR"
                      }
                    },
                    {
                      "multi_match": {
                        "query": "{{transactionClientReference}}",
                        "fields": [
                          "transactionClientReference.ngram^1.0E-8"
                        ],
                        "type": "best_fields",
                        "operator": "OR"
                      }
                    },
                    {
                      "multi_match": {
                        "query": "{{transactionClientReference}}",
                        "fields": [
                          "transactionClientReference.edge_ngram^1.0E-4"
                        ],
                        "type": "best_fields",
                        "operator": "OR"
                      }
                    }
                  ]
                }
              },
              "--{{/transactionClientReference}}--"
              "--{{#accountCountry}}--"
              {
                "bool": {
                  "must": [
                    "--{{#accountId}}--"
                    {
                      "term": {
                        "transactionCompanyAccount.accountId": "{{accountId}}"
                      }
                    },
                    "--{{/accountId}}--"
                    "--{{#accountIdType}}--"
                    {
                      "term": {
                        "transactionCompanyAccount.accountIdType": "{{accountIdType}}"
                      }
                    },
                    "--{{/accountIdType}}--"
                    "--{{#country}}--"
                    {
                      "term": {
                        "transactionCompanyAccount.country": "{{country}}"
                      }
                    },
                    "--{{/country}}--"
                    {
                      "simple_query_string": {
                        "query": "*"
                      }
                    }
                  ]
                }
              },
              "--{{/accountCountry}}--"
              "--{{#processedDate}}--"
              {
                "bool": {
                  "filter": {
                    "range": {
                      "processedDate": {
                        "--{{#lte}}--"
                        "lte": "{{lte}}"
                        "--{{/lte}}--"
                        "--{{#gte}}--"
                        "--{{#lte}}--"
                        ,
                        "--{{/lte}}--"
                        "gte": "{{gte}}"
                        "--{{/gte}}--"
                      }
                    }
                  }
                }
              },
              "--{{/processedDate}}--"
              "--{{#transactionAmountFrom}}--"
              {
                "bool": {
                  "should": [
                    {
                      "bool": {
                        "filter": {
                          "range": {
                            "transactionAmount": {
                              "lte": "{{lte}}"
                            }
                          }
                        }
                      }
                    },
                    {
                      "bool": {
                        "filter": {
                          "range": {
                            "transactionAmount": {
                              "gte": "{{gte}}"
                            }
                          }
                        }
                      }
                    }
                  ]
                }
              },
              "--{{/transactionAmountFrom}}--"
              "--{{#transactionAmountTo}}--"
              {
                "bool": {
                  "filter": {
                    "range": {
                      "transactionAmount": {
                        "lte": "{{lte}}",
                        "gte": "{{gte}}"
                      }
                    }
                  }
                }
              },
              "--{{/transactionAmountTo}}--"
              {
                "bool": {
                  "should": [
                    "--{{#swiftCodes}}--"
                    {
                      "bool": {
                        "filter": {
                          "term": {
                            "swiftCode": "{{#value}}{{swiftCode}}{{/value}}"
                          }
                        }
                      }
                    }
                    "--{{^last}}--",
                    "--{{/last}}--"
                    "--{{/swiftCodes}}--"
                  ]
                }
              },
              {
                "bool": {
                  "should": [
                    "--{{#transactionTypes}}--"
                    {
                      "bool": {
                        "filter": {
                          "term": {
                            "transactionType": "{{#value}}{{transactionType}}{{/value}}"
                          }
                        }
                      }
                    }
                    "--{{^last}}--",
                    "--{{/last}}--"
                    "--{{/transactionTypes}}--"
                  ]
                }
              },
              "--{{#processedDateFrom}}--"
              {
                "bool": {
                  "filter": {
                    "range": {
                      "processedDate": {
                        "gt": "{{processedDateFrom}}"
                      }
                    }
                  }
                }
              },
              "--{{/processedDateFrom}}--"
              {
                "bool": {
                  "filter": {
                    "term": {
                      "transactionConsolidated": "{{transactionConsolidated}}"
                    }
                  }
                }
              }
            ]
          }
        }
        "--{{^last}}--",
        "--{{/last}}--"
        "--{{/value}}--"
        "--{{/searchElements}}--"
      ],
      "minimum_should_match": 1
    }
  },
  "sort": [
    {
      "{{orderField}}": {
        "order": "{{orderDescAsc}}"
      }
    }
  ]
}