{
  "name": "TRANSACTIONS (GTS)",
  "model": {
    "id": "transactionPk",
    "language": "english",
    "search_fuzzy_enabled": false,
    "search_phonetic_enabled": false,
    "search_ngram_enabled": true,
    "autocomplete_phonetic_enabled": false,
    "allow_unmapped_fields_in_queries": false,
    "fields": [
      {
        "field": "transactionPk",
        "name": "transactionPk",
        "type": "text",
        "indexed": true,
        "searchable": true,
        "sortable": false,
        "aggregable": true,
        "did_you_mean": false,
        "large": false
      },
      {
        "field": "transactionId",
        "name": "transactionId",
        "type": "text",
        "indexed": true,
        "searchable": true,
        "sortable": false,
        "aggregable": true,
        "did_you_mean": false,
        "large": false
      },
      {
        "field": "swiftCode",
        "name": "swiftCode",
        "type": "text",
        "indexed": true,
        "searchable": true,
        "sortable": true,
        "aggregable": true,
        "did_you_mean": false,
        "large": false
      },
      {
        "field": "creationDate",
        "name": "creationDate",
        "type": "date",
        "indexed": true,
        "searchable": true,
        "sortable": true,
        "aggregable": true,
        "did_you_mean": false,
        "large": false,
        "format": "yyyy-MM-dd'T'HH:mm:ssZ"
      },
      {
        "field": "processedDate",
        "name": "processedDate",
        "type": "date",
        "indexed": true,
        "searchable": true,
        "sortable": true,
        "aggregable": true,
        "did_you_mean": false,
        "large": false,
        "format": "yyyy-MM-dd'T'HH:mm:ssZ"
      },
      {
        "field": "accountingDate",
        "name": "accountingDate",
        "type": "date",
        "indexed": true,
        "searchable": true,
        "sortable": true,
        "aggregable": true,
        "did_you_mean": false,
        "large": false,
        "format": "yyyy-MM-dd'T'HH:mm:ssZ"
      },
      {
        "field": "description",
        "name": "description",
        "type": "text",
        "indexed": true,
        "searchable": true,
        "sortable": false,
        "aggregable": true,
        "did_you_mean": false,
        "large": false,
        "analyzers": ["search", "ngram", "edge_ngram"]
      },
      {
        "field": "transactionType",
        "name": "transactionType",
        "type": "text",
        "indexed": true,
        "searchable": true,
        "sortable": false,
        "aggregable": true,
        "did_you_mean": false,
        "large": false
      },
      {
        "field": "transactionCategory",
        "name": "transactionCategory",
        "type": "text",
        "indexed": true,
        "searchable": true,
        "sortable": false,
        "aggregable": true,
        "did_you_mean": false,
        "large": false
      },
      {
        "field": "transactionAmount",
        "name": "transactionAmount",
        "type": "number",
        "subtype": "double",
        "indexed": true,
        "searchable": true,
        "sortable": false,
        "aggregable": true,
        "did_you_mean": false,
        "large": false
      },
      {
        "field": "transactionAmountCurrency",
        "name": "transactionAmountCurrency",
        "type": "text",
        "indexed": true,
        "searchable": true,
        "sortable": false,
        "aggregable": true,
        "did_you_mean": false,
        "large": false
      },
      {
        "field": "transactionBalanceAmount",
        "name": "transactionBalanceAmount",
        "type": "number",
        "subtype": "double",
        "indexed": true,
        "searchable": true,
        "sortable": false,
        "aggregable": true,
        "did_you_mean": false,
        "large": false
      },
      {
        "field": "transactionBalanceAmountCurrency",
        "name": "transactionBalanceAmountCurrency",
        "type": "text",
        "indexed": true,
        "searchable": true,
        "sortable": false,
        "aggregable": true,
        "did_you_mean": false,
        "large": false
      },
      {
        "field": "localTransactionCode",
        "name": "localTransactionCode",
        "type": "text",
        "indexed": true,
        "searchable": true,
        "sortable": false,
        "aggregable": true,
        "did_you_mean": false,
        "large": false
      },
      {
        "field": "localTransactionDescription",
        "name": "localTransactionDescription",
        "type": "text",
        "indexed": true,
        "searchable": true,
        "sortable": false,
        "aggregable": true,
        "did_you_mean": false,
        "large": false
      },
      {
        "field": "additionalInformation",
        "name": "additionalInformation",
        "type": "text",
        "indexed": true,
        "searchable": true,
        "sortable": false,
        "aggregable": true,
        "did_you_mean": false,
        "large": false
      },
      {
        "field": "customerTransactionCode",
        "name": "customerTransactionCode",
        "type": "text",
        "indexed": true,
        "searchable": true,
        "sortable": false,
        "aggregable": true,
        "did_you_mean": false,
        "large": false
      },
      {
        "field": "customerTransactionDescription",
        "name": "customerTransactionDescription",
        "type": "text",
        "indexed": true,
        "searchable": true,
        "sortable": false,
        "aggregable": true,
        "did_you_mean": false,
        "large": false
      },
      {
        "field": "customerAdditionalInformation",
        "name": "customerAdditionalInformation",
        "type": "text",
        "indexed": true,
        "searchable": true,
        "sortable": false,
        "aggregable": true,
        "did_you_mean": false,
        "large": false
      },
      {
        "field": "transactionClientReference",
        "name": "transactionClientReference",
        "type": "text",
        "indexed": true,
        "searchable": true,
        "sortable": false,
        "aggregable": true,
        "did_you_mean": false,
        "large": false,
        "analyzers": ["search", "ngram", "edge_ngram"]
      },
      {
        "field": "transactionBatchReference",
        "name": "transactionBatchReference",
        "type": "text",
        "indexed": true,
        "searchable": true,
        "sortable": false,
        "aggregable": true,
        "did_you_mean": false,
        "large": false
      },
      {
        "field": "gtsExtractId",
        "name": "gtsExtractId",
        "type": "text",
        "indexed": true,
        "searchable": true,
        "sortable": false,
        "aggregable": true,
        "did_you_mean": false,
        "large": false
      },
      {
        "field": "transactionInternalReference",
        "name": "transactionInternalReference",
        "type": "text",
        "indexed": true,
        "searchable": true,
        "sortable": false,
        "aggregable": true,
        "did_you_mean": false,
        "large": false
      },
      {
        "field": "transactionConsolidated",
        "name": "transactionConsolidated",
        "type": "boolean",
        "indexed": true,
        "searchable": true,
        "sortable": true,
        "aggregable": true,
        "did_you_mean": false,
        "large": false
      },
      {
        "field": "transactionCompanyAccount.accountId",
        "name": "accountId",
        "type": "text",
        "indexed": true,
        "searchable": true,
        "sortable": false,
        "aggregable": true,
        "did_you_mean": false,
        "large": false
      },
      {
        "field": "transactionCompanyAccount.country",
        "name": "country",
        "type": "text",
        "indexed": true,
        "searchable": true,
        "sortable": false,
        "aggregable": true,
        "did_you_mean": false,
        "large": false
      },
      {
        "field": "transactionCompanyAccount.displayNumber",
        "name": "displayNumber",
        "type": "text",
        "indexed": true,
        "searchable": true,
        "sortable": false,
        "aggregable": true,
        "did_you_mean": false,
        "large": false
      },
      {
        "field": "transactionCompanyAccount.alias",
        "name": "alias",
        "type": "text",
        "indexed": true,
        "searchable": true,
        "sortable": false,
        "aggregable": true,
        "did_you_mean": false,
        "large": false
      },
      {
        "field": "transactionCompanyAccount.agent",
        "name": "agent",
        "type": "text",
        "indexed": true,
        "searchable": true,
        "sortable": false,
        "aggregable": true,
        "did_you_mean": false,
        "large": false
      },
      {
        "field": "transactionCompanyAccount.accountIdType",
        "name": "accountIdType",
        "type": "text",
        "indexed": true,
        "searchable": true,
        "sortable": false,
        "aggregable": true,
        "did_you_mean": false,
        "large": false
      }
    ]
  },
  "search_fields": {
    "transactionId": 10,
    "swiftCode": 10,
    "creationDate": 10,
    "processedDate": 10,
    "accountingDate": 10,
    "description": 10,
    "transactionType": 10,
    "transactionCategory": 10,
    "transactionAmount": 10,
    "transactionAmountCurrency": 10,
    "transactionBalanceAmount": 10,
    "transactionBalanceAmountCurrency": 10,
    "localTransactionCode": 10,
    "localTransactionDescription": 10,
    "additionalInformation": 10,
    "customerTransactionCode": 10,
    "customerTransactionDescription": 10,
    "customerAdditionalInformation": 10,
    "transactionClientReference": 10,
    "transactionBatchReference": 10,
    "transactionInternalReference": 10,
    "transactionConsolidated": 10,
    "transactionCompanyAccount.accountId": 10,
    "transactionCompanyAccount.country": 10,
    "transactionCompanyAccount.displayNumber": 10,
    "transactionCompanyAccount.alias": 10,
    "transactionCompanyAccount.agent": 10,
    "transactionCompanyAccount.accountIdType": 10,
    "gtsExtractId": 10
  },
  "last_modified": 1588085161750
}