{
  "query": "\"query\": {\n    \"bool\": {\n      \"should\": [\n        {{#searchElements}}\n        {{#value}}\n        {\n          \"bool\": {\n            \"must\": [\n              {{#description}}\n              {\n                \"bool\": {\n                  \"should\": [\n                    {\n                      \"multi_match\": {\n                        \"query\": \"{{description}}\",\n                        \"fields\": [\n                          \"description.search^10.0\"\n                        ],\n                        \"type\": \"best_fields\",\n                        \"operator\": \"OR\"\n                      }\n                    },\n                    {\n                      \"multi_match\": {\n                        \"query\": \"{{description}}\",\n                        \"fields\": [\n                          \"description.ngram^1.0E-8\"\n                        ],\n                        \"type\": \"best_fields\",\n                        \"operator\": \"OR\"\n                      }\n                    },\n                    {\n                      \"multi_match\": {\n                        \"query\": \"{{description}}\",\n                        \"fields\": [\n                          \"description.edge_ngram^1.0E-4\"\n                        ],\n                        \"type\": \"best_fields\",\n                        \"operator\": \"OR\"\n                      }\n                    }\n                  ]\n                }\n              },\n              {{/description}}\n              {{#transactionClientReference}}\n              {\n                \"bool\": {\n                  \"should\": [\n                    {\n                      \"multi_match\": {\n                        \"query\": \"{{transactionClientReference}}\",\n                        \"fields\": [\n                          \"transactionClientReference.search^10.0\"\n                        ],\n                        \"type\": \"best_fields\",\n                        \"operator\": \"OR\"\n                      }\n                    },\n                    {\n                      \"multi_match\": {\n                        \"query\": \"{{transactionClientReference}}\",\n                        \"fields\": [\n                          \"transactionClientReference.ngram^1.0E-8\"\n                        ],\n                        \"type\": \"best_fields\",\n                        \"operator\": \"OR\"\n                      }\n                    },\n                    {\n                      \"multi_match\": {\n                        \"query\": \"{{transactionClientReference}}\",\n                        \"fields\": [\n                          \"transactionClientReference.edge_ngram^1.0E-4\"\n                        ],\n                        \"type\": \"best_fields\",\n                        \"operator\": \"OR\"\n                      }\n                    }\n                  ]\n                }\n              },\n              {{/transactionClientReference}}\n              {{#accountCountry}}\n              {\n                \"bool\": {\n                  \"must\": [\n                    {{#accountId}}\n                    {\n                      \"term\": {\n                        \"transactionCompanyAccount.accountId\": \"{{accountId}}\"\n                      }\n                    },\n                    {{/accountId}}\n                    {{#accountIdType}}\n                    {\n                      \"term\": {\n                        \"transactionCompanyAccount.accountIdType\": \"{{accountIdType}}\"\n                      }\n                    },\n                    {{/accountIdType}}\n                    {{#country}}\n                    {\n                      \"term\": {\n                        \"transactionCompanyAccount.country\": \"{{country}}\"\n                      }\n                    },\n                    {{/country}}\n                    {\n                      \"simple_query_string\": {\n                        \"query\": \"*\"\n                      }\n                    }\n                  ]\n                }\n              },\n              {{/accountCountry}}\n              {{#processedDate}}\n              {\n                \"bool\": {\n                  \"filter\": {\n                    \"range\": {\n                      \"processedDate\": {\n                        {{#lte}}\n                        \"lte\": \"{{lte}}\"\n                        {{/lte}}\n                        {{#gte}}\n                        {{#lte}}\n                      ,\n                        {{/lte}}\n                        \"gte\": \"{{gte}}\"\n                        {{/gte}}\n                      }\n                    }\n                  }\n                }\n              },\n              {{/processedDate}}\n              {{#transactionAmountFrom}}\n              {\n                \"bool\": {\n                  \"should\": [\n                    {\n                      \"bool\": {\n                        \"filter\": {\n                          \"range\": {\n                            \"transactionAmount\": {\n                              \"lte\": \"{{lte}}\"\n                            }\n                          }\n                        }\n                      }\n                    },\n                    {\n                      \"bool\": {\n                        \"filter\": {\n                          \"range\": {\n                            \"transactionAmount\": {\n                              \"gte\": \"{{gte}}\"\n                            }\n                          }\n                        }\n                      }\n                    }\n                  ]\n                }\n              },\n              {{/transactionAmountFrom}}\n              {{#transactionAmountTo}}\n              {\n                \"bool\": {\n                  \"filter\": {\n                    \"range\": {\n                      \"transactionAmount\": {\n                        \"lte\": \"{{lte}}\",\n                        \"gte\": \"{{gte}}\"\n                      }\n                    }\n                  }\n                }\n              },\n              {{/transactionAmountTo}}\n              {\n                \"bool\": {\n                  \"should\": [\n                    {{#swiftCodes}}\n                    {\n                      \"bool\": {\n                        \"filter\": {\n                          \"term\": {\n                            \"swiftCode\": \"{{#value}}{{swiftCode}}{{/value}}\"\n                          }\n                        }\n                      }\n                    }\n                    {{^last}},\n                    {{/last}}\n                    {{/swiftCodes}}\n                  ]\n                }\n              },\n              {\n                \"bool\": {\n                  \"should\": [\n                    {{#transactionTypes}}\n                    {\n                      \"bool\": {\n                        \"filter\": {\n                          \"term\": {\n                            \"transactionType\": \"{{#value}}{{transactionType}}{{/value}}\"\n                          }\n                        }\n                      }\n                    }\n                    {{^last}},\n                    {{/last}}\n                    {{/transactionTypes}}\n                  ]\n                }\n              },\n              {{#processedDateFrom}}\n              {\n                \"bool\": {\n                  \"filter\": {\n                    \"range\": {\n                      \"processedDate\": {\n                        \"gt\": \"{{processedDateFrom}}\"\n                      }\n                    }\n                  }\n                }\n              },\n              {{/processedDateFrom}}\n              {\n                \"bool\": {\n                  \"filter\": {\n                    \"term\": {\n                      \"transactionConsolidated\": \"{{transactionConsolidated}}\"\n                    }\n                  }\n                }\n              }\n            ]\n          }\n        }\n        {{^last}},\n        {{/last}}\n        {{/value}}\n        {{/searchElements}}\n      ],\n      \"minimum_should_match\": 1\n    }\n  },\n  \"sort\": [\n    {\n      \"{{orderField}}\": {\n        \"order\": \"{{orderDescAsc}}\"\n      }\n    }\n  ]",
  "test": {
    "scenarios": [
      {
        "name": "test1",
        "includeStackTrace": true,
        "params": {
          "searchElements": [
            {
              "description": "something",
              "transactionClientReference": "NONREF",
              "accountsCountries": {
                "accountId": "DummyAccount2660",
                "accountIdType": "IBA",
                "country": "CL"
              },
              "processedDate": {
                "lte": "2019-03-14T23:00:00+0000",
                "gte": "2019-03-14T23:00:00+0000"
              },
              "transactionAmountFrom": {
                "lte": -10,
                "gte": 10
              },
              "transactionAmountTo": {
                "lte": 20,
                "gte": -20
              },
              "swiftCodes": [
                {
                  "swiftCode": "N"
                },
                {
                  "swiftCode": "P"
                }
              ],
              "transactionTypes": [
                {
                  "transactionType": "credit"
                },
                {
                  "transactionType": "reverse credit"
                }
              ],
              "processedDateFrom": "2019-03-14T23:00:00+0000",
              "transactionConsolidated": "true"
            }
          ],
          "orderField": "processedDate",
          "orderDescAsc": "desc"
        }
      },
      {
        "name": "test2",
        "params": {
          "searchElements": [
            {
              "description": "something",
              "accountsCountries": {
                "accountId": "DummyAccount2660",
                "accountIdType": "IBA",
                "country": "CL"
              },
              "processedDate": {
                "gte": "2019-03-14T23:00:00+0000"
              },
              "transactionAmountFrom": {
                "lte": -10,
                "gte": 10
              },
              "transactionConsolidated": "false"
            }
          ],
          "orderField": "processedDate",
          "orderDescAsc": "desc"
        }
      }
    ]
  }
}